{
	"credit": "Made with Blockbench",
	"parent": "diamond",
	"texture_size": [64, 64],
	"textures": {
		"0": "custom/ck_banner",
		"particle": "custom/ck_banner"
	},
	"elements": [
		{
			"name": "Beam",
			"from": [-5, 19, 6],
			"to": [21, 23, 10],
			"faces": {
				"north": {"uv": [0, 8.5, 6.5, 9.5], "texture": "#0"},
				"east": {"uv": [10, 10.5, 11, 11.5], "texture": "#0"},
				"south": {"uv": [6.5, 8.5, 13, 9.5], "texture": "#0"},
				"west": {"uv": [11, 10.5, 12, 11.5], "texture": "#0"},
				"up": {"uv": [6.5, 10.5, 0, 9.5], "texture": "#0"},
				"down": {"uv": [13, 9.5, 6.5, 10.5], "texture": "#0"}
			}
		},
		{
			"name": "Fabric1",
			"from": [17, 18.5, 5.5],
			"to": [20, 23.5, 10.5],
			"faces": {
				"north": {"uv": [10, 11.5, 10.75, 12.75], "texture": "#0"},
				"east": {"uv": [0, 10.5, 1.25, 11.75], "texture": "#0"},
				"south": {"uv": [10.75, 11.5, 11.5, 12.75], "texture": "#0"},
				"west": {"uv": [1.25, 10.5, 2.5, 11.75], "texture": "#0"},
				"up": {"uv": [12.25, 12.75, 11.5, 11.5], "texture": "#0"},
				"down": {"uv": [0.75, 11.75, 0, 13], "texture": "#0"}
			}
		},
		{
			"name": "Fabric2",
			"from": [-4, 18.5, 5.5],
			"to": [-1, 23.5, 10.5],
			"faces": {
				"north": {"uv": [0.75, 11.75, 1.5, 13], "texture": "#0"},
				"east": {"uv": [2.5, 10.5, 3.75, 11.75], "texture": "#0"},
				"south": {"uv": [1.5, 11.75, 2.25, 13], "texture": "#0"},
				"west": {"uv": [3.75, 10.5, 5, 11.75], "texture": "#0"},
				"up": {"uv": [3, 13, 2.25, 11.75], "texture": "#0"},
				"down": {"uv": [3.75, 11.75, 3, 13], "texture": "#0"}
			}
		},
		{
			"name": "Fabric3",
			"from": [3, 18.5, 5.5],
			"to": [6, 23.5, 10.5],
			"faces": {
				"north": {"uv": [3.75, 11.75, 4.5, 13], "texture": "#0"},
				"east": {"uv": [5, 10.5, 6.25, 11.75], "texture": "#0"},
				"south": {"uv": [4.5, 11.75, 5.25, 13], "texture": "#0"},
				"west": {"uv": [6.25, 10.5, 7.5, 11.75], "texture": "#0"},
				"up": {"uv": [6, 13, 5.25, 11.75], "texture": "#0"},
				"down": {"uv": [6.75, 11.75, 6, 13], "texture": "#0"}
			}
		},
		{
			"name": "Fabric4",
			"from": [10, 18.5, 5.5],
			"to": [13, 23.5, 10.5],
			"faces": {
				"north": {"uv": [6.75, 11.75, 7.5, 13], "texture": "#0"},
				"east": {"uv": [7.5, 10.5, 8.75, 11.75], "texture": "#0"},
				"south": {"uv": [7.5, 11.75, 8.25, 13], "texture": "#0"},
				"west": {"uv": [8.75, 10.5, 10, 11.75], "texture": "#0"},
				"up": {"uv": [9, 13, 8.25, 11.75], "texture": "#0"},
				"down": {"uv": [9.75, 11.75, 9, 13], "texture": "#0"}
			}
		},
		{
			"name": "Banner",
			"from": [-4, -15, 8],
			"to": [20, 19, 8],
			"faces": {
				"north": {"uv": [0, 0, 6, 8.5], "texture": "#0"},
				"east": {"uv": [0, 0, 0, 8.5], "texture": "#0"},
				"south": {"uv": [6, 0, 12, 8.5], "texture": "#0"},
				"west": {"uv": [0, 0, 0, 8.5], "texture": "#0"},
				"up": {"uv": [6, 0, 0, 0], "texture": "#0"},
				"down": {"uv": [6, 0, 0, 0], "texture": "#0"}
			}
		}
	],
	"display": {
		"thirdperson_righthand": {
			"rotation": [69, -2, 0],
			"translation": [0, -3.25, -4],
			"scale": [0.4, 0.4, 0.4]
		},
		"thirdperson_lefthand": {
			"translation": [9.5, -14.5, 0]
		},
		"firstperson_righthand": {
			"translation": [12, -7, -1.5]
		},
		"firstperson_lefthand": {
			"translation": [7.75, -10, 0]
		},
		"ground": {
			"rotation": [90, 0, 90],
			"scale": [0.75, 0.75, 0.75]
		},
		"gui": {
			"translation": [0, 1.5, 0],
			"scale": [0.38, 0.38, 0.38]
		},
		"head": {
			"translation": [0, 15.75, 0]
		},
		"fixed": {
			"translation": [0, -14.75, -2],
			"scale": [2, 2, 2]
		}
	}
}